{"cameraMode":{"drawMode":0,"name":"Shaded","section":"Shading Mode"},"sceneLighting":true,"audioPlay":false,"sceneViewState":{"m_AlwaysRefresh":false,"showFog":true,"showSkybox":true,"showFlares":true,"showImageEffects":true,"showParticleSystems":true,"showVisualEffectGraphs":true,"m_FxEnabled":true},"in2DMode":false,"pivot":{"x":-0.0010046958923339844,"y":0.3999178409576416,"z":-0.01718902587890625},"rotation":{"x":-0.00008844045078149065,"y":0.9996389150619507,"z":-0.003308284794911742,"w":-0.02669611945748329},"size":4.638840675354004,"orthographic":true}